<?xml version="1.0" encoding="UTF-8"?>
<project-private xmlns="http://www.netbeans.org/ns/project-private/1">
    <editor-bookmarks xmlns="http://www.netbeans.org/ns/editor-bookmarks/2" lastBookmarkId="0"/>
    <open-files xmlns="http://www.netbeans.org/ns/projectui-open-files/2">
        <group>
            <file>file:/C:/Users/Gustavo/Google%20Drive/Faculdade%20(Drive)/POO%20III/Trabalho01/Trabalho/src/Controller/daoCliente.java</file>
            <file>file:/C:/Users/Gustavo/Google%20Drive/Faculdade%20(Drive)/POO%20III/Trabalho01/Trabalho/src/Controller/daoCidade.java</file>
            <file>file:/C:/Users/Gustavo/Google%20Drive/Faculdade%20(Drive)/POO%20III/Trabalho01/Trabalho/src/View/dialogCIdade.java</file>
        </group>
    </open-files>
</project-private>
